"productId","image_url","filename","sha256","source"
"p001","/images/products/p001.jpg?v=1770958220527","p001.jpg","3f620346e29fb1bf5472ae9a9129a9a50db616edf0b93f54bd52db62bc02fcb7","local"
"p002","/images/products/p002.jpg?v=1770958220556","p002.jpg","6a07902fbb499fa2d1fb13ebe332286f25cdd652b5aa77ab02ad7da8f1a9b313","local"
"p003","/images/products/p003.jpg?v=1770958220684","p003.jpg","1256e6b31497f7c7982258e4b706cb9af97819972e3eb4daefab26d0a855ad46","local"
"p004","/images/products/p004.jpg?v=1770958220693","p004.jpg","354d1d0674cff4c80d4254abc5ea6bda0ac1170fbd8d3ea56774c95797058bc6","local"
"p005","/images/products/p005.jpg?v=1770958220738","p005.jpg","ec9d752782bdc2925b782939325ab7402d3287da270f0f518369c0c5afdbc0a7","local"
"p006","/images/products/p006.jpg?v=1770958220808","p006.jpg","b6c58a52a8c87b241bbb8891f0593ab7aed9b1b81383125d82e2bb2bb3c56c2f","local"
"p007","/images/products/p007.jpg?v=1770958220843","p007.jpg","ae30257722132dca4e977fe4320ffdc9a36973dee4788083f2a73be4066fe74b","local"
"p039","/images/products/p039.jpg?v=1770958220846","p039.jpg","1256e6b31497f7c7982258e4b706cb9af97819972e3eb4daefab26d0a855ad46","local"
"p040","/images/products/pp_pin_p040_jjmayk.png?v=1770958220873","pp_pin_p040_jjmayk.png","12787c3bab930c11f02c57758471da60cb4c6d2cfb22f6ca717ad0e79860c600","pinterest"
"p041","/images/products/p041.jpg?v=1770958220889","p041.jpg","e77fb22dbbe19b41264f5a99af883353297641ed0bc7efbc82547ab99d5e267c","local"
"p042","/images/products/p042.jpg?v=1770958220891","p042.jpg","660d6f4304e20f1d13b095c9eb496ecfa6b79de35e1f7902761af87d98af5a29","local"
"p043","/images/products/pp_pin_p043_purxzy.png?v=1770958220940","pp_pin_p043_purxzy.png","12787c3bab930c11f02c57758471da60cb4c6d2cfb22f6ca717ad0e79860c600","pinterest"
"p044","/images/products/p044.jpg?v=1770958220943","p044.jpg","e77fb22dbbe19b41264f5a99af883353297641ed0bc7efbc82547ab99d5e267c","local"
"p045","/images/products/p045.jpg?v=1770958220968","p045.jpg","1256e6b31497f7c7982258e4b706cb9af97819972e3eb4daefab26d0a855ad46","local"
"p046","/images/products/pp_pin_p046_0j830m.png?v=1770958221020","pp_pin_p046_0j830m.png","12787c3bab930c11f02c57758471da60cb4c6d2cfb22f6ca717ad0e79860c600","pinterest"
"p047","/images/products/pp_pin_p047_qzovi8.png?v=1770958221023","pp_pin_p047_qzovi8.png","12787c3bab930c11f02c57758471da60cb4c6d2cfb22f6ca717ad0e79860c600","pinterest"
"p048","/images/products/p048.jpg?v=1770958221039","p048.jpg","6a07902fbb499fa2d1fb13ebe332286f25cdd652b5aa77ab02ad7da8f1a9b313","local"
"p049","/images/products/pp_pin_p049_sywdf8.png?v=1770958221126","pp_pin_p049_sywdf8.png","12787c3bab930c11f02c57758471da60cb4c6d2cfb22f6ca717ad0e79860c600","pinterest"
"p050","/images/products/p050.jpg?v=1770958221130","p050.jpg","660d6f4304e20f1d13b095c9eb496ecfa6b79de35e1f7902761af87d98af5a29","local"
"p051","/images/products/p051.jpg?v=1770958221136","p051.jpg","346e94641aaab6557cabbd8c982a93022dc18a8bb1b7d0a746990f2d5b787c0d","local"
"p052","/images/products/pp_pin_p052_qyipbt.png?v=1770958221144","pp_pin_p052_qyipbt.png","12787c3bab930c11f02c57758471da60cb4c6d2cfb22f6ca717ad0e79860c600","pinterest"
"p053","/images/products/p053.jpg?v=1770958221159","p053.jpg","ec9d752782bdc2925b782939325ab7402d3287da270f0f518369c0c5afdbc0a7","local"
"p054","/images/products/p054.jpg?v=1770958221161","p054.jpg","660d6f4304e20f1d13b095c9eb496ecfa6b79de35e1f7902761af87d98af5a29","local"
"p055","/images/products/pp_pin_p055_wl33ke.png?v=1770958221182","pp_pin_p055_wl33ke.png","12787c3bab930c11f02c57758471da60cb4c6d2cfb22f6ca717ad0e79860c600","pinterest"
"p056","/images/products/p056.jpg?v=1770958221185","p056.jpg","ec9d752782bdc2925b782939325ab7402d3287da270f0f518369c0c5afdbc0a7","local"
"p057","/images/products/p057.jpg?v=1770958221192","p057.jpg","64b45f63dec078351d8c112be60975f342fa49be468f0177144e987092b66949","local"
"p058","/images/products/pp_pin_p058_rt1s83.png?v=1770958221196","pp_pin_p058_rt1s83.png","12787c3bab930c11f02c57758471da60cb4c6d2cfb22f6ca717ad0e79860c600","pinterest"
"p059","/images/products/pp_pin_p059_4uaurr.png?v=1770958221210","pp_pin_p059_4uaurr.png","12787c3bab930c11f02c57758471da60cb4c6d2cfb22f6ca717ad0e79860c600","pinterest"
"p060","/images/products/p060.jpg?v=1770958221212","p060.jpg","1256e6b31497f7c7982258e4b706cb9af97819972e3eb4daefab26d0a855ad46","local"
"p061","/images/products/p061.jpg?v=1770958221225","p061.jpg","3f620346e29fb1bf5472ae9a9129a9a50db616edf0b93f54bd52db62bc02fcb7","local"
"p062","/images/products/pp_pin_p062_r38y1p.png?v=1770958221235","pp_pin_p062_r38y1p.png","12787c3bab930c11f02c57758471da60cb4c6d2cfb22f6ca717ad0e79860c600","pinterest"
"p063","/images/products/p063.jpg?v=1770958221257","p063.jpg","1256e6b31497f7c7982258e4b706cb9af97819972e3eb4daefab26d0a855ad46","local"
"p064","/images/products/p064.jpg?v=1770958221260","p064.jpg","6a07902fbb499fa2d1fb13ebe332286f25cdd652b5aa77ab02ad7da8f1a9b313","local"
"p065","/images/products/p065.jpg?v=1770958221280","p065.jpg","265bb50baf866cd085adf72db44c8d2fc437f3e00ed5eef801ec195294898ae1","local"
"p066","/images/products/pp_pin_p066_cmn9c5.png?v=1770958221292","pp_pin_p066_cmn9c5.png","12787c3bab930c11f02c57758471da60cb4c6d2cfb22f6ca717ad0e79860c600","pinterest"
"p067","/images/products/pp_pin_p067_julpqq.png?v=1770958221300","pp_pin_p067_julpqq.png","12787c3bab930c11f02c57758471da60cb4c6d2cfb22f6ca717ad0e79860c600","pinterest"
"p068","/images/products/p068.jpg?v=1770958221318","p068.jpg","e77fb22dbbe19b41264f5a99af883353297641ed0bc7efbc82547ab99d5e267c","local"
"p069","/images/products/p069.jpg?v=1770958221335","p069.jpg","1256e6b31497f7c7982258e4b706cb9af97819972e3eb4daefab26d0a855ad46","local"
"p070","/images/products/pp_pin_p070_s4tvy3.png?v=1770958221424","pp_pin_p070_s4tvy3.png","12787c3bab930c11f02c57758471da60cb4c6d2cfb22f6ca717ad0e79860c600","pinterest"
"p071","/images/products/p071.jpg?v=1770958221426","p071.jpg","64b45f63dec078351d8c112be60975f342fa49be468f0177144e987092b66949","local"
"p072","/images/products/p072.jpg?v=1770958221429","p072.jpg","1256e6b31497f7c7982258e4b706cb9af97819972e3eb4daefab26d0a855ad46","local"
"p073","/images/products/p073.jpg?v=1770958221443","p073.jpg","64b45f63dec078351d8c112be60975f342fa49be468f0177144e987092b66949","local"
"p074","/images/products/p074.jpg?v=1770958221445","p074.jpg","ec9d752782bdc2925b782939325ab7402d3287da270f0f518369c0c5afdbc0a7","local"
"p075","/images/products/p075.jpg?v=1770958221460","p075.jpg","265bb50baf866cd085adf72db44c8d2fc437f3e00ed5eef801ec195294898ae1","local"
"p076","/images/products/pp_pin_p076_qa1hic.png?v=1770958221509","pp_pin_p076_qa1hic.png","12787c3bab930c11f02c57758471da60cb4c6d2cfb22f6ca717ad0e79860c600","pinterest"
"p077","/images/products/pp_pin_p077_ispu0k.png?v=1770958221514","pp_pin_p077_ispu0k.png","12787c3bab930c11f02c57758471da60cb4c6d2cfb22f6ca717ad0e79860c600","pinterest"
"p078","/images/products/p078.jpg?v=1770958221516","p078.jpg","346e94641aaab6557cabbd8c982a93022dc18a8bb1b7d0a746990f2d5b787c0d","local"
"p079","/images/products/p079.jpg?v=1770958221527","p079.jpg","64b45f63dec078351d8c112be60975f342fa49be468f0177144e987092b66949","local"
"p080","/images/products/pp_pin_p080_6pu4ez.png?v=1770958221544","pp_pin_p080_6pu4ez.png","12787c3bab930c11f02c57758471da60cb4c6d2cfb22f6ca717ad0e79860c600","pinterest"
"p081","/images/products/p081.jpg?v=1770958221546","p081.jpg","1256e6b31497f7c7982258e4b706cb9af97819972e3eb4daefab26d0a855ad46","local"
"p082","/images/products/pp_pin_p082_sslt5v.png?v=1770958221662","pp_pin_p082_sslt5v.png","12787c3bab930c11f02c57758471da60cb4c6d2cfb22f6ca717ad0e79860c600","pinterest"
"p083","/images/products/p083.jpg?v=1770958221679","p083.jpg","ec9d752782bdc2925b782939325ab7402d3287da270f0f518369c0c5afdbc0a7","local"
"p084","/images/products/p084.jpg?v=1770958221681","p084.jpg","6a07902fbb499fa2d1fb13ebe332286f25cdd652b5aa77ab02ad7da8f1a9b313","local"
"p085","/images/products/pp_pin_p085_0qt4yl.png?v=1770958221698","pp_pin_p085_0qt4yl.png","12787c3bab930c11f02c57758471da60cb4c6d2cfb22f6ca717ad0e79860c600","pinterest"
"p086","/images/products/p086.jpg?v=1770958221711","p086.jpg","ec9d752782bdc2925b782939325ab7402d3287da270f0f518369c0c5afdbc0a7","local"
"p087","/images/products/p087.jpg?v=1770958221714","p087.jpg","1256e6b31497f7c7982258e4b706cb9af97819972e3eb4daefab26d0a855ad46","local"
"p088","/images/products/pp_pin_p088_24yk5t.png?v=1770958221732","pp_pin_p088_24yk5t.png","12787c3bab930c11f02c57758471da60cb4c6d2cfb22f6ca717ad0e79860c600","pinterest"
"p089","/images/products/pp_pin_p089_pixz1l.png?v=1770958221769","pp_pin_p089_pixz1l.png","12787c3bab930c11f02c57758471da60cb4c6d2cfb22f6ca717ad0e79860c600","pinterest"
"p090","/images/products/p090.jpg?v=1770958221777","p090.jpg","346e94641aaab6557cabbd8c982a93022dc18a8bb1b7d0a746990f2d5b787c0d","local"
"p091","/images/products/p091.jpg?v=1770958221793","p091.jpg","64b45f63dec078351d8c112be60975f342fa49be468f0177144e987092b66949","local"
"p092","/images/products/p092.jpg?v=1770958221796","p092.jpg","ec9d752782bdc2925b782939325ab7402d3287da270f0f518369c0c5afdbc0a7","local"
"p093","/images/products/pp_pin_p093_yawr9y.png?v=1770958221891","pp_pin_p093_yawr9y.png","12787c3bab930c11f02c57758471da60cb4c6d2cfb22f6ca717ad0e79860c600","pinterest"
"p094","/images/products/pp_pin_p094_wq9gvn.png?v=1770958221974","pp_pin_p094_wq9gvn.png","12787c3bab930c11f02c57758471da60cb4c6d2cfb22f6ca717ad0e79860c600","pinterest"
"p095","/images/products/pp_pin_p095_m0l821.png?v=1770958221991","pp_pin_p095_m0l821.png","12787c3bab930c11f02c57758471da60cb4c6d2cfb22f6ca717ad0e79860c600","pinterest"
"p096","/images/products/p096.jpg?v=1770958221994","p096.jpg","1256e6b31497f7c7982258e4b706cb9af97819972e3eb4daefab26d0a855ad46","local"
"p097","/images/products/pp_pin_p097_7av3j5.png?v=1770958222040","pp_pin_p097_7av3j5.png","12787c3bab930c11f02c57758471da60cb4c6d2cfb22f6ca717ad0e79860c600","pinterest"
"p098","/images/products/pp_pin_p098_j41h05.png?v=1770958222110","pp_pin_p098_j41h05.png","12787c3bab930c11f02c57758471da60cb4c6d2cfb22f6ca717ad0e79860c600","pinterest"
"p099","/images/products/p099.jpg?v=1770958222112","p099.jpg","1256e6b31497f7c7982258e4b706cb9af97819972e3eb4daefab26d0a855ad46","local"
"p100","/images/products/p100.jpg?v=1770958222114","p100.jpg","660d6f4304e20f1d13b095c9eb496ecfa6b79de35e1f7902761af87d98af5a29","local"
"p101","/images/products/p101.jpg?v=1770958222148","p101.jpg","e77fb22dbbe19b41264f5a99af883353297641ed0bc7efbc82547ab99d5e267c","local"
"p102","/images/products/p102.jpg?v=1770958222178","p102.jpg","6a07902fbb499fa2d1fb13ebe332286f25cdd652b5aa77ab02ad7da8f1a9b313","local"
"p103","/images/products/pp_pin_p103_yk1zyw.png?v=1770958222189","pp_pin_p103_yk1zyw.png","12787c3bab930c11f02c57758471da60cb4c6d2cfb22f6ca717ad0e79860c600","pinterest"
"p104","/images/products/p104.jpg?v=1770958222202","p104.jpg","ec9d752782bdc2925b782939325ab7402d3287da270f0f518369c0c5afdbc0a7","local"
"p105","/images/products/pp_pin_p105_9on448.png?v=1770958222624","pp_pin_p105_9on448.png","12787c3bab930c11f02c57758471da60cb4c6d2cfb22f6ca717ad0e79860c600","pinterest"
"p106","/images/products/p106.jpg?v=1770958222639","p106.jpg","6a07902fbb499fa2d1fb13ebe332286f25cdd652b5aa77ab02ad7da8f1a9b313","local"
"p107","/images/products/pp_pin_p107_51khjr.png?v=1770958222656","pp_pin_p107_51khjr.png","12787c3bab930c11f02c57758471da60cb4c6d2cfb22f6ca717ad0e79860c600","pinterest"
"p108","/images/products/p108.jpg?v=1770958222671","p108.jpg","1256e6b31497f7c7982258e4b706cb9af97819972e3eb4daefab26d0a855ad46","local"
"p109","/images/products/p109.jpg?v=1770958222675","p109.jpg","1256e6b31497f7c7982258e4b706cb9af97819972e3eb4daefab26d0a855ad46","local"
"p110","/images/products/pp_pin_p110_vaixnq.png?v=1770958222722","pp_pin_p110_vaixnq.png","12787c3bab930c11f02c57758471da60cb4c6d2cfb22f6ca717ad0e79860c600","pinterest"